TIME,behaviour
00:00:00,
00:00:15,
00:00:30,
00:00:45,
00:01:00,
00:01:15,
00:01:30,
00:01:45,
00:02:00,
00:02:15,
00:02:30,
00:02:45,
00:03:00,
00:03:15,
00:03:30,
00:03:45,
00:04:00,NIP_OUT
00:04:15,NIP_OUT
00:04:30,NIP_OUT
00:04:45,NIP_OUT
00:05:00,NIP_OUT
00:05:15,BN
00:05:30,BN
00:05:45,BN
00:06:00,BN
00:06:15,BN
00:06:30,BN
00:06:45,BN
00:07:00,BN
00:07:15,BN
00:07:30,BN
00:07:45,BN
00:08:00,BN
00:08:15,BN
00:08:30,BN
00:08:45,BN
00:09:00,BN
00:09:15,BN
00:09:30,BN
00:09:45,BN
00:10:00,BN
00:10:15,BN
00:10:30,BN
00:10:45,BN
00:11:00,BN
00:11:15,BN
00:11:30,LAND
00:11:45,LAND
00:12:00,LAND
00:12:15,LAND
00:12:30,LAND
00:12:45,LAND
00:13:00,LAND
00:13:15,LAND
00:13:30,LAND
00:13:45,LAND
00:14:00,LAND
00:14:15,LAND
00:14:30,LAND
00:14:45,FAN
00:15:00,FAN
00:15:15,FAN
00:15:30,FAN
00:15:45,FAN
00:16:00,FAN
00:16:15,FAN
00:16:30,FAN
00:16:45,FAN
00:17:00,FAN
00:17:15,FAN
00:17:30,FAN
00:17:45,FAN
00:18:00,FAN
00:18:15,FAN
00:18:30,FAN
00:18:45,FAN
00:19:00,FAN
00:19:15,FAN
00:19:30,FAN
00:19:45,FAN
00:20:00,FAN
00:20:15,FAN
00:20:30,FAN
00:20:45,FAN
00:21:00,FAN
00:21:15,FAN
00:21:30,FAN
00:21:45,FAN
00:22:00,FAN
00:22:15,FAN
00:22:30,FAN
00:22:45,FAN
00:23:00,FAN
00:23:15,FAN
00:23:30,FAN
00:23:45,FAN
00:24:00,FAN
00:24:15,FAN
00:24:30,MAN
00:24:45,MAN
00:25:00,NIP_IN
00:25:15,NIP_IN
00:25:30,NIP_IN
00:25:45,NIP_IN
00:26:00,NIP_IN
00:26:15,NIP_IN
00:26:30,NIP_IN
00:26:45,
00:27:00,
00:27:15,
00:27:30,
00:27:45,
00:28:00,
00:28:15,
00:28:30,
00:28:45,
00:29:00,
00:29:15,
00:29:30,
00:29:45,FAN
00:30:00,FAN
00:30:15,FAN
00:30:30,FAN
00:30:45,FAN
00:31:00,FAN
00:31:15,FAN
00:31:30,FAN
00:31:45,FAN
00:32:00,MAN
00:32:15,MAN
00:32:30,MAN
00:32:45,MAN
00:33:00,MAN
00:33:15,MAN
00:33:30,MAN
00:33:45,MAN
00:34:00,MAN
00:34:15,MAN
00:34:30,MAN
00:34:45,MAN
00:35:00,MAN
00:35:15,MAN
00:35:30,MAN
00:35:45,MAN
00:36:00,MAN
00:36:15,MAN
00:36:30,MAN
00:36:45,MAN
00:37:00,MAN
00:37:15,MAN
00:37:30,MAN
00:37:45,MAN
00:38:00,MAN
00:38:15,MAN
00:38:30,MAN
00:38:45,MAN
00:39:00,MAN
00:39:15,MAN
00:39:30,MAN
00:39:45,MAN
00:40:00,MAN
00:40:15,MAN
00:40:30,MAN
00:40:45,MAN
00:41:00,MAN
00:41:15,MAN
00:41:30,MAN
00:41:45,MAN
00:42:00,MAN
00:42:15,MAN
00:42:30,MAN
00:42:45,MAN
00:43:00,MAN
00:43:15,MAN
00:43:30,MAN
00:43:45,MAN
00:44:00,MAN
00:44:15,MAN
00:44:30,MAN
00:44:45,FAN
00:45:00,FAN
00:45:15,FAN
00:45:30,FAN
00:45:45,FAN
00:46:00,FAN
00:46:15,FAN
00:46:30,FAN
00:46:45,FAN
00:47:00,FAN
00:47:15,FAN
00:47:30,FAN
00:47:45,FAN
00:48:00,FAN
00:48:15,FAN
00:48:30,FAN
00:48:45,FAN
00:49:00,FAN
00:49:15,FAN
00:49:30,FAN
00:49:45,FAN
00:50:00,FAN
00:50:15,FAN
00:50:30,MAN
00:50:45,MAN
00:51:00,
00:51:15,
00:51:30,
00:51:45,
00:52:00,
00:52:15,
00:52:30,
00:52:45,
00:53:00,NIP_IN
00:53:15,NIP_IN
00:53:30,NIP_IN
00:53:45,NIP_IN
00:54:00,NIP_IN
00:54:15,NIP_IN
00:54:30,NIP_IN
00:54:45,MAN
00:55:00,MAN
00:55:15,MAN
00:55:30,MAN
00:55:45,MAN
00:56:00,MAN
00:56:15,MAN
00:56:30,MAN
00:56:45,MAN
00:57:00,MAN
00:57:15,MAN
00:57:30,MAN
00:57:45,MAN
00:58:00,MAN
00:58:15,MAN
00:58:30,MAN
00:58:45,MAN
00:59:00,MAN
00:59:15,MAN
00:59:30,MAN
00:59:45,MAN
01:00:00,MAN
01:00:15,MAN
01:00:30,MAN
01:00:45,MAN
01:01:00,MAN
01:01:15,MAN
01:01:30,MAN
01:01:45,MAN
01:02:00,MAN
01:02:15,MAN
01:02:30,MAN
01:02:45,MAN
01:03:00,MAN
01:03:15,NIP_CORE
01:03:30,NIP_CORE
01:03:45,NIP_CORE
01:04:00,NIP_CORE
01:04:15,NIP_CORE
01:04:30,NIP_CORE
01:04:45,NIP_CORE
01:05:00,NIP_CORE
01:05:15,
01:05:30,
01:05:45,
01:06:00,
01:06:15,
01:06:30,
01:06:45,
01:07:00,
01:07:15,FAN
01:07:30,FAN
01:07:45,FAN
01:08:00,FAN
01:08:15,FAN
01:08:30,
01:08:45,
01:09:00,
01:09:15,
01:09:30,
01:09:45,
01:10:00,
01:10:15,
01:10:30,
01:10:45,
01:11:00,
01:11:15,
01:11:30,
01:11:45,
01:12:00,
01:12:15,NIP_IN
01:12:30,NIP_IN
01:12:45,NIP_IN
01:13:00,NIP_IN
01:13:15,NIP_IN
01:13:30,NIP_IN
01:13:45,NIP_IN
01:14:00,NIP_IN
01:14:15,
01:14:30,
01:14:45,
01:15:00,
01:15:15,
01:15:30,
01:15:45,
01:16:00,
01:16:15,
01:16:30,
01:16:45,
01:17:00,
01:17:15,
01:17:30,
01:17:45,
01:18:00,
01:18:15,NIP_IN
01:18:30,NIP_IN
01:18:45,NIP_IN
01:19:00,NIP_IN
01:19:15,NIP_IN
01:19:30,NIP_IN
01:19:45,NIP_IN
01:20:00,MAN
01:20:15,MAN
01:20:30,MAN
01:20:45,MAN
01:21:00,MAN
01:21:15,MAN
01:21:30,MAN
01:21:45,MAN
01:22:00,MAN
01:22:15,MAN
01:22:30,MAN
01:22:45,MAN
01:23:00,MAN
01:23:15,MAN
01:23:30,MAN
01:23:45,MAN
01:24:00,MAN
01:24:15,MAN
01:24:30,MAN
01:24:45,MAN
01:25:00,MAN
01:25:15,MAN
01:25:30,MAN
01:25:45,MAN
01:26:00,MAN
01:26:15,SA
01:26:30,SA
01:26:45,SA
01:27:00,SA
01:27:15,SA
01:27:30,SA
01:27:45,SA
01:28:00,NIP_OUT
01:28:15,NIP_OUT
01:28:30,NIP_OUT
01:28:45,NIP_OUT
01:29:00,
01:29:15,
01:29:30,
01:29:45,
01:30:00,
01:30:15,
01:30:30,NIP_OUT
01:30:45,AM
01:31:00,AM
01:31:15,AM
01:31:30,AM
01:31:45,AM
01:32:00,AM
01:32:15,AM
01:32:30,AM
01:32:45,LAND
01:33:00,LAND
01:33:15,LAND
01:33:30,LAND
01:33:45,LAND
01:34:00,LAND
01:34:15,LAND
01:34:30,LAND
01:34:45,NIP_IN
01:35:00,NIP_IN
01:35:15,
01:35:30,NIP_IN
01:35:45,
01:36:00,
01:36:15,
01:36:30,
01:36:45,
01:37:00,NIP_IN
01:37:15,NIP_IN
01:37:30,NIP_IN
01:37:45,NIP_IN
01:38:00,NIP_IN
01:38:15,MAN
01:38:30,MAN
01:38:45,MAN
01:39:00,MAN
01:39:15,MAN
01:39:30,MAN
01:39:45,MAN
01:40:00,MAN
01:40:15,MAN
01:40:30,MAN
01:40:45,MAN
01:41:00,SA
01:41:15,SA
01:41:30,SA
01:41:45,SA
01:42:00,
01:42:15,
01:42:30,SA
01:42:45,SA
01:43:00,SA
01:43:15,SA
01:43:30,SA
01:43:45,SA
01:44:00,SA
01:44:15,SA
01:44:30,SA
01:44:45,SA
01:45:00,SA
01:45:15,SA
01:45:30,SA
01:45:45,SA
01:46:00,SA
01:46:15,SA
01:46:30,SA
01:46:45,SA
01:47:00,SA
01:47:15,SA
01:47:30,SA
01:47:45,SA
01:48:00,SA
01:48:15,SA
01:48:30,SA
01:48:45,SA
01:49:00,SA
01:49:15,SA
01:49:30,SA
01:49:45,SA
01:50:00,BN
01:50:15,BN
01:50:30,BN
01:50:45,BN
01:51:00,BN
01:51:15,BN
01:51:30,BN
01:51:45,BN
01:52:00,BN
01:52:15,BN
01:52:30,BN
01:52:45,BN
01:53:00,BN
01:53:15,BN
01:53:30,BN
01:53:45,BN
01:54:00,BN
01:54:15,BN
01:54:30,BN
01:54:45,BN
01:55:00,BN
01:55:15,BN
01:55:30,BN
01:55:45,BN
01:56:00,BN
01:56:15,BN
01:56:30,BN
01:56:45,BN
01:57:00,BN
01:57:15,BN
01:57:30,BN
01:57:45,BN
01:58:00,BN
01:58:15,BN
01:58:30,BN
01:58:45,BN
01:59:00,BN
01:59:15,BN
01:59:30,BN
01:59:45,BN
02:00:00,BN
02:00:15,BN
02:00:30,BN
02:00:45,BN
02:01:00,BN
02:01:15,BN
02:01:30,BN
02:01:45,BN
02:02:00,BN
02:02:15,BN
02:02:30,BN
02:02:45,BN
02:03:00,BN
02:03:15,BN
02:03:30,BN
02:03:45,BN
02:04:00,BN
02:04:15,BN
02:04:30,BN
02:04:45,BN
02:05:00,BN
02:05:15,BN
02:05:30,BN
02:05:45,BN
02:06:00,BN
02:06:15,BN
02:06:30,BN
02:06:45,LAND
02:07:00,LAND
02:07:15,LAND
02:07:30,LAND
02:07:45,LAND
02:08:00,LAND
02:08:15,LAND
02:08:30,LAND
02:08:45,LAND
02:09:00,LAND
02:09:15,LAND
02:09:30,ROLL
02:09:45,ROLL
02:10:00,ROLL
02:10:15,ROLL
02:10:30,ROLL
02:10:45,ROLL
02:11:00,ROLL
02:11:15,ROLL
02:11:30,ROLL
02:11:45,ROLL
02:12:00,ROLL
02:12:15,ROLL
02:12:30,ROLL
02:12:45,ROLL
02:13:00,ROLL
02:13:15,ROLL
02:13:30,INSF
02:13:45,INSF
02:14:00,INSF
02:14:15,INSF
02:14:30,INSF
02:14:45,INSF
02:15:00,INSF
02:15:15,NIP_CORE
02:15:30,NIP_CORE
02:15:45,NIP_CORE
02:16:00,NIP_CORE
02:16:15,NIP_CORE
02:16:30,NIP_CORE
02:16:45,
02:17:00,
02:17:15,LF
02:17:30,LF
02:17:45,LF
02:18:00,LF
02:18:15,LF
02:18:30,LF
02:18:45,LF
02:19:00,LF
02:19:15,LF
02:19:30,LF
02:19:45,LF
02:20:00,LF
02:20:15,LF
02:20:30,LF
02:20:45,LF
02:21:00,LF
02:21:15,LF
02:21:30,LF
02:21:45,LF
02:22:00,LF
02:22:15,LF
02:22:30,LF
02:22:45,LF
02:23:00,LF
02:23:15,LF
02:23:30,LF
02:23:45,LF
02:24:00,LF
02:24:15,LF
02:24:30,H_UP
02:24:45,H_UP
02:25:00,H_UP
02:25:15,H_UP
02:25:30,H_UP
02:25:45,H_UP
02:26:00,H_UP
02:26:15,H_UP
02:26:30,H_UP
02:26:45,H_UP
02:27:00,LF
02:27:15,LF
02:27:30,FAN
02:27:45,FAN
02:28:00,FAN
02:28:15,FAN
02:28:30,
02:28:45,
02:29:00,
02:29:15,
02:29:30,
02:29:45,NIP_IN
02:30:00,NIP_IN
02:30:15,
02:30:30,
02:30:45,
02:31:00,
02:31:15,
02:31:30,
02:31:45,
02:32:00,
02:32:15,
02:32:30,
02:32:45,
02:33:00,
02:33:15,
02:33:30,
02:33:45,
02:34:00,
02:34:15,MAN
02:34:30,MAN
02:34:45,MAN
02:35:00,MAN
02:35:15,MAN
02:35:30,NIP_IN
02:35:45,NIP_IN
02:36:00,NIP_IN
02:36:15,NIP_IN
02:36:30,NIP_IN
02:36:45,NIP_IN
02:37:00,NIP_IN
02:37:15,MAN
02:37:30,MAN
02:37:45,MAN
02:38:00,MAN
02:38:15,MAN
02:38:30,MAN
02:38:45,MAN
02:39:00,MAN
02:39:15,MAN
02:39:30,NIP_IN
02:39:45,NIP_IN
02:40:00,NIP_IN
02:40:15,
02:40:30,
02:40:45,
02:41:00,
02:41:15,
02:41:30,
02:41:45,
02:42:00,
02:42:15,
02:42:30,
02:42:45,
02:43:00,
02:43:15,
02:43:30,MAN
02:43:45,MAN
02:44:00,MAN
02:44:15,MAN
02:44:30,MAN
02:44:45,MAN
02:45:00,MAN
02:45:15,MAN
02:45:30,MAN
02:45:45,MAN
02:46:00,MAN
02:46:15,MAN
02:46:30,MAN
02:46:45,MAN
02:47:00,MAN
02:47:15,MAN
02:47:30,MAN
02:47:45,MAN
02:48:00,MAN
02:48:15,MAN
02:48:30,MAN
02:48:45,MAN
02:49:00,MAN
02:49:15,MAN
02:49:30,MAN
02:49:45,MAN
02:50:00,MAN
02:50:15,MAN
02:50:30,MAN
02:50:45,MAN
02:51:00,MAN
02:51:15,MAN
02:51:30,MAN
02:51:45,MAN
02:52:00,MAN
02:52:15,MAN
02:52:30,MAN
02:52:45,MAN
02:53:00,MAN
02:53:15,MAN
02:53:30,MAN
02:53:45,MAN
02:54:00,MAN
02:54:15,MAN
02:54:30,MAN
02:54:45,MAN
02:55:00,MAN
02:55:15,MAN
02:55:30,MAN
02:55:45,MAN
02:56:00,MAN
02:56:15,MAN
02:56:30,MAN
02:56:45,MAN
02:57:00,MAN
02:57:15,MAN
02:57:30,
02:57:45,
02:58:00,NIP_IN
02:58:15,
02:58:30,
02:58:45,
02:59:00,
02:59:15,
02:59:30,
02:59:45,
03:00:00,
03:00:15,
03:00:30,NIP_IN
03:00:45,AM
03:01:00,AM
03:01:15,AM
03:01:30,AM
03:01:45,
03:02:00,
03:02:15,
03:02:30,
03:02:45,
03:03:00,
03:03:15,
03:03:30,
03:03:45,
03:04:00,NIP_IN
03:04:15,
03:04:30,
03:04:45,
03:05:00,
03:05:15,
03:05:30,
03:05:45,
03:06:00,
03:06:15,
03:06:30,
03:06:45,
03:07:00,
03:07:15,
03:07:30,
03:07:45,
03:08:00,
03:08:15,
03:08:30,
03:08:45,
03:09:00,NIP_IN
03:09:15,
03:09:30,
03:09:45,
03:10:00,MAN
03:10:15,MAN
03:10:30,MAN
03:10:45,MAN
03:11:00,MAN
03:11:15,MAN
03:11:30,
03:11:45,
03:12:00,
03:12:15,
03:12:30,
03:12:45,
03:13:00,
03:13:15,
03:13:30,NIP_IN
03:13:45,
03:14:00,
03:14:15,
03:14:30,
03:14:45,
03:15:00,
03:15:15,
03:15:30,
03:15:45,
03:16:00,
03:16:15,
03:16:30,NIP_IN
03:16:45,NIP_IN
03:17:00,NIP_IN
03:17:15,
03:17:30,
03:17:45,
03:18:00,
03:18:15,SA
03:18:30,SA
03:18:45,SA
03:19:00,SA
03:19:15,SA
03:19:30,SA
03:19:45,SA
03:20:00,SA
03:20:15,SA
03:20:30,SA
03:20:45,SA
03:21:00,SA
03:21:15,SA
03:21:30,SA
03:21:45,SA
03:22:00,SA
03:22:15,SA
03:22:30,SA
03:22:45,SA
03:23:00,SA
03:23:15,SA
03:23:30,SA
03:23:45,SA
03:24:00,SA
03:24:15,SA
03:24:30,SA
03:24:45,SA
03:25:00,SA
03:25:15,SA
03:25:30,
03:25:45,
03:26:00,
03:26:15,
03:26:30,
03:26:45,
03:27:00,
03:27:15,
03:27:30,
03:27:45,
03:28:00,
03:28:15,
03:28:30,
03:28:45,
03:29:00,
03:29:15,
03:29:30,
03:29:45,
03:30:00,
03:30:15,
03:30:30,
03:30:45,
03:31:00,
03:31:15,
03:31:30,
03:31:45,
03:32:00,
03:32:15,
03:32:30,
03:32:45,
03:33:00,
03:33:15,
03:33:30,
03:33:45,
03:34:00,
03:34:15,
03:34:30,
03:34:45,
03:35:00,
03:35:15,
03:35:30,
03:35:45,
03:36:00,
03:36:15,
03:36:30,
03:36:45,
03:37:00,
03:37:15,
03:37:30,
03:37:45,
03:38:00,
03:38:15,AM
03:38:30,AM
03:38:45,AM
03:39:00,AM
03:39:15,AM
03:39:30,AM
03:39:45,AM
03:40:00,AM
03:40:15,AM
03:40:30,AM
03:40:45,AM
03:41:00,AM
03:41:15,AM
03:41:30,AM
03:41:45,AM
03:42:00,AM
03:42:15,AM
03:42:30,AM
03:42:45,AM
03:43:00,AM
03:43:15,AM
03:43:30,AM
03:43:45,AM
03:44:00,AM
03:44:15,AM
03:44:30,AM
03:44:45,LAND
03:45:00,LAND
03:45:15,LAND
03:45:30,LAND
03:45:45,LAND
03:46:00,
03:46:15,NIP_CORE
03:46:30,NIP_CORE
03:46:45,NIP_CORE
03:47:00,NIP_CORE
03:47:15,
03:47:30,
03:47:45,
03:48:00,
03:48:15,
03:48:30,
03:48:45,
03:49:00,NIP_CORE
03:49:15,NIP_CORE
03:49:30,
03:49:45,
03:50:00,
03:50:15,MAN
03:50:30,MAN
03:50:45,MAN
03:51:00,MAN
03:51:15,MAN
03:51:30,MAN
03:51:45,MAN
03:52:00,MAN
03:52:15,MAN
03:52:30,MAN
03:52:45,MAN
03:53:00,MAN
03:53:15,MAN
03:53:30,MAN
03:53:45,MAN
03:54:00,MAN
03:54:15,MAN
03:54:30,MAN
03:54:45,MAN
03:55:00,MAN
03:55:15,MAN
03:55:30,MAN
03:55:45,MAN
03:56:00,MAN
03:56:15,MAN
03:56:30,MAN
03:56:45,MAN
03:57:00,MAN
03:57:15,MAN
03:57:30,MAN
03:57:45,MAN
03:58:00,MAN
03:58:15,MAN
03:58:30,MAN
03:58:45,MAN
03:59:00,MAN
03:59:15,MAN
03:59:30,MAN
03:59:45,MAN
04:00:00,MAN
04:00:15,MAN
04:00:30,MAN
04:00:45,MAN
04:01:00,MAN
04:01:15,MAN
04:01:30,MAN
04:01:45,MAN
04:02:00,MAN
04:02:15,MAN
04:02:30,MAN
04:02:45,MAN
04:03:00,MAN
04:03:15,MAN
04:03:30,MAN
04:03:45,MAN
04:04:00,MAN
04:04:15,MAN
04:04:30,MAN
04:04:45,MAN
04:05:00,MAN
04:05:15,MAN
04:05:30,MAN
04:05:45,MAN
04:06:00,MAN
04:06:15,MAN
04:06:30,MAN
04:06:45,MAN
04:07:00,MAN
04:07:15,FAN
04:07:30,FAN
04:07:45,FAN
04:08:00,FAN
04:08:15,FAN
04:08:30,FAN
04:08:45,FAN
04:09:00,FAN
04:09:15,FAN
04:09:30,FAN
04:09:45,FAN
04:10:00,FAN
04:10:15,FAN
04:10:30,FAN
04:10:45,FAN
04:11:00,FAN
04:11:15,FAN
04:11:30,FAN
04:11:45,FAN
04:12:00,FAN
04:12:15,FAN
04:12:30,FAN
04:12:45,FAN
04:13:00,FAN
04:13:15,FAN
04:13:30,FAN
04:13:45,FAN
04:14:00,FAN
04:14:15,FAN
04:14:30,FAN
04:14:45,FAN
04:15:00,FAN
04:15:15,FAN
04:15:30,FAN
04:15:45,FAN
04:16:00,FAN
04:16:15,FAN
04:16:30,FAN
04:16:45,FAN
04:17:00,FAN
04:17:15,FAN
04:17:30,FAN
04:17:45,FAN
04:18:00,
04:18:15,
04:18:30,
04:18:45,
04:19:00,
04:19:15,
04:19:30,
04:19:45,NIP_IN
04:20:00,
04:20:15,
04:20:30,
04:20:45,
04:21:00,
04:21:15,
04:21:30,
04:21:45,
04:22:00,
04:22:15,
04:22:30,
04:22:45,
04:23:00,MAN
04:23:15,MAN
04:23:30,MAN
04:23:45,MAN
04:24:00,MAN
04:24:15,MAN
04:24:30,MAN
04:24:45,MAN
04:25:00,MAN
04:25:15,MAN
04:25:30,
04:25:45,NIP_IN
04:26:00,NIP_IN
04:26:15,NIP_IN
04:26:30,NIP_IN
04:26:45,NIP_IN
04:27:00,
04:27:15,
04:27:30,
04:27:45,
04:28:00,NIP_IN
04:28:15,
04:28:30,
04:28:45,
04:29:00,
04:29:15,
04:29:30,
04:29:45,
04:30:00,
04:30:15,
04:30:30,
04:30:45,
04:31:00,
04:31:15,
04:31:30,
04:31:45,
04:32:00,
04:32:15,
04:32:30,
04:32:45,
04:33:00,
04:33:15,
04:33:30,
04:33:45,
04:34:00,NIP_IN
04:34:15,
04:34:30,
04:34:45,
04:35:00,
04:35:15,
04:35:30,
04:35:45,
04:36:00,
04:36:15,
04:36:30,
04:36:45,
04:37:00,
04:37:15,
04:37:30,
04:37:45,
04:38:00,
04:38:15,NIP_IN
04:38:30,
04:38:45,
04:39:00,
04:39:15,
04:39:30,
04:39:45,
04:40:00,
04:40:15,
04:40:30,
04:40:45,
04:41:00,
04:41:15,
04:41:30,
04:41:45,
04:42:00,
04:42:15,
04:42:30,
04:42:45,
04:43:00,
04:43:15,
04:43:30,SA
04:43:45,SA
04:44:00,SA
04:44:15,SA
04:44:30,SA
04:44:45,SA
04:45:00,SA
04:45:15,SA
04:45:30,SA
04:45:45,SA
04:46:00,SA
04:46:15,SA
04:46:30,SA
04:46:45,SA
04:47:00,SA
04:47:15,SA
04:47:30,SA
04:47:45,SA
04:48:00,SA
04:48:15,SA
04:48:30,SA
04:48:45,SA
04:49:00,SA
04:49:15,SA
04:49:30,SA
04:49:45,SA
04:50:00,SA
04:50:15,SA
04:50:30,SA
04:50:45,SA
04:51:00,SA
04:51:15,SA
04:51:30,SA
04:51:45,SA
04:52:00,SA
04:52:15,
04:52:30,
04:52:45,
04:53:00,
04:53:15,
04:53:30,
04:53:45,
04:54:00,
04:54:15,
04:54:30,
04:54:45,
04:55:00,
04:55:15,
04:55:30,
04:55:45,
04:56:00,
04:56:15,
04:56:30,
04:56:45,
04:57:00,
04:57:15,
04:57:30,
04:57:45,
04:58:00,
04:58:15,
04:58:30,
04:58:45,
04:59:00,
04:59:15,
04:59:30,
04:59:45,
05:00:00,
05:00:15,
05:00:30,
05:00:45,
05:01:00,
05:01:15,
05:01:30,BN
05:01:45,BN
05:02:00,BN
05:02:15,BN
05:02:30,BN
05:02:45,BN
05:03:00,BN
05:03:15,BN
05:03:30,BN
05:03:45,BN
05:04:00,BN
05:04:15,BN
05:04:30,BN
05:04:45,BN
05:05:00,BN
05:05:15,BN
05:05:30,BN
05:05:45,BN
05:06:00,BN
05:06:15,BN
05:06:30,BN
05:06:45,BN
05:07:00,BN
05:07:15,BN
05:07:30,BN
05:07:45,BN
05:08:00,BN
05:08:15,BN
05:08:30,BN
05:08:45,LAND
05:09:00,LAND
05:09:15,LAND
05:09:30,LAND
05:09:45,LAND
05:10:00,NIP_CORE
05:10:15,NIP_CORE
05:10:30,NIP_CORE
05:10:45,NIP_CORE
05:11:00,NIP_CORE
05:11:15,NIP_CORE
05:11:30,NIP_CORE
05:11:45,NIP_CORE
05:12:00,NIP_CORE
05:12:15,NIP_CORE
05:12:30,
05:12:45,
05:13:00,
05:13:15,
05:13:30,
05:13:45,
05:14:00,
05:14:15,
05:14:30,
05:14:45,
05:15:00,
05:15:15,
05:15:30,
05:15:45,
05:16:00,
05:16:15,
05:16:30,
05:16:45,
05:17:00,
05:17:15,
05:17:30,
05:17:45,
05:18:00,
05:18:15,
05:18:30,
05:18:45,
05:19:00,NIP_IN
05:19:15,
05:19:30,
05:19:45,
05:20:00,
05:20:15,
05:20:30,
05:20:45,
05:21:00,
05:21:15,
05:21:30,
05:21:45,
05:22:00,
05:22:15,
05:22:30,
05:22:45,
05:23:00,
05:23:15,
05:23:30,
05:23:45,
05:24:00,
05:24:15,NIP_IN
05:24:30,NIP_IN
05:24:45,NIP_IN
05:25:00,
05:25:15,
05:25:30,
05:25:45,
05:26:00,
05:26:15,
05:26:30,
05:26:45,
05:27:00,NIP_IN
05:27:15,
05:27:30,
05:27:45,
05:28:00,
05:28:15,
05:28:30,
05:28:45,
05:29:00,NIP_IN
05:29:15,
05:29:30,
05:29:45,
05:30:00,
05:30:15,
05:30:30,
05:30:45,SA
05:31:00,SA
05:31:15,SA
05:31:30,SA
05:31:45,SA
05:32:00,SA
05:32:15,SA
05:32:30,SA
05:32:45,SA
05:33:00,SA
05:33:15,SA
05:33:30,SA
05:33:45,SA
05:34:00,SA
05:34:15,SA
05:34:30,SA
05:34:45,SA
05:35:00,SA
05:35:15,SA
05:35:30,SA
05:35:45,SA
05:36:00,SA
05:36:15,SA
05:36:30,SA
05:36:45,SA
05:37:00,SA
05:37:15,SA
05:37:30,SA
05:37:45,SA
05:38:00,SA
05:38:15,SA
05:38:30,SA
05:38:45,SA
05:39:00,SA
05:39:15,SA
05:39:30,SA
05:39:45,SA
05:40:00,SA
05:40:15,SA
05:40:30,SA
05:40:45,SA
05:41:00,SA
05:41:15,SA
05:41:30,NIP_OUT
05:41:45,NIP_OUT
05:42:00,NIP_OUT
05:42:15,
05:42:30,
05:42:45,
05:43:00,
05:43:15,
05:43:30,NIP_OUT
05:43:45,
05:44:00,
05:44:15,
05:44:30,
05:44:45,
05:45:00,
05:45:15,
05:45:30,
05:45:45,
05:46:00,
05:46:15,NIP_OUT
05:46:30,NIP_OUT
05:46:45,BN
05:47:00,BN
05:47:15,BN
05:47:30,BN
05:47:45,BN
05:48:00,AM
05:48:15,AM
05:48:30,AM
05:48:45,AM
05:49:00,AM
05:49:15,AM
05:49:30,AM
05:49:45,AM
05:50:00,AM
05:50:15,AM
05:50:30,AM
05:50:45,AM
05:51:00,AM
05:51:15,AM
05:51:30,AM
05:51:45,AM
05:52:00,AM
05:52:15,AM
05:52:30,AM
05:52:45,AM
05:53:00,AM
05:53:15,AM
05:53:30,AM
05:53:45,AM
05:54:00,AM
05:54:15,AM
05:54:30,AM
05:54:45,AM
05:55:00,AM
05:55:15,
05:55:30,
05:55:45,
05:56:00,
05:56:15,
05:56:30,
05:56:45,
05:57:00,
05:57:15,
05:57:30,
05:57:45,
05:58:00,
05:58:15,
05:58:30,
05:58:45,
05:59:00,
05:59:15,
05:59:30,
05:59:45,
06:00:00,
06:00:15,
06:00:30,
06:00:45,
06:01:00,
06:01:15,
06:01:30,
06:01:45,
06:02:00,
06:02:15,
06:02:30,
06:02:45,MAN
06:03:00,MAN
06:03:15,MAN
06:03:30,MAN
06:03:45,MAN
06:04:00,MAN
06:04:15,MAN
06:04:30,MAN
06:04:45,MAN
06:05:00,MAN
06:05:15,MAN
06:05:30,MAN
06:05:45,MAN
06:06:00,MAN
06:06:15,MAN
06:06:30,MAN
06:06:45,MAN
06:07:00,MAN
06:07:15,MAN
06:07:30,MAN
06:07:45,MAN
06:08:00,MAN
06:08:15,MAN
06:08:30,MAN
06:08:45,MAN
06:09:00,MAN
06:09:15,MAN
06:09:30,
06:09:45,
06:10:00,NIP_IN
06:10:15,
06:10:30,
06:10:45,
06:11:00,
06:11:15,
06:11:30,
06:11:45,
06:12:00,
06:12:15,
06:12:30,
06:12:45,
06:13:00,
06:13:15,
06:13:30,
06:13:45,SA
06:14:00,SA
06:14:15,SA
06:14:30,SA
06:14:45,SA
06:15:00,SA
06:15:15,SA
06:15:30,SA
06:15:45,SA
06:16:00,SA
06:16:15,SA
06:16:30,SA
06:16:45,SA
06:17:00,SA
06:17:15,SA
06:17:30,SA
06:17:45,SA
06:18:00,SA
06:18:15,SA
06:18:30,SA
06:18:45,SA
06:19:00,SA
06:19:15,SA
06:19:30,SA
06:19:45,BN
06:20:00,BN
06:20:15,BN
06:20:30,BN
06:20:45,BN
06:21:00,BN
06:21:15,BN
06:21:30,BN
06:21:45,BN
06:22:00,LAND
06:22:15,LAND
06:22:30,LAND
06:22:45,LAND
06:23:00,LAND
06:23:15,
06:23:30,
06:23:45,FAN
06:24:00,FAN
06:24:15,FAN
06:24:30,FAN
06:24:45,FAN
06:25:00,FAN
06:25:15,FAN
06:25:30,FAN
06:25:45,FAN
06:26:00,FAN
06:26:15,FAN
06:26:30,FAN
06:26:45,FAN
06:27:00,FAN
06:27:15,FAN
06:27:30,FAN
06:27:45,FAN
06:28:00,FAN
06:28:15,FAN
06:28:30,FAN
06:28:45,FAN
06:29:00,FAN
06:29:15,FAN
06:29:30,FAN
06:29:45,FAN
06:30:00,FAN
06:30:15,FAN
06:30:30,FAN
06:30:45,FAN
06:31:00,FAN
06:31:15,FAN
06:31:30,FAN
06:31:45,
06:32:00,
06:32:15,
06:32:30,
06:32:45,
06:33:00,FAN
06:33:15,FAN
06:33:30,FAN
06:33:45,FAN
06:34:00,FAN
06:34:15,FAN
06:34:30,FAN
06:34:45,FAN
06:35:00,FAN
06:35:15,FAN
06:35:30,FAN
06:35:45,FAN
06:36:00,FAN
06:36:15,
06:36:30,
06:36:45,
06:37:00,
06:37:15,
06:37:30,NIP_CORE
06:37:45,NIP_CORE
06:38:00,NIP_CORE
06:38:15,NIP_CORE
06:38:30,
06:38:45,
06:39:00,
06:39:15,
06:39:30,
06:39:45,ROLL
06:40:00,ROLL
06:40:15,ROLL
06:40:30,ROLL
06:40:45,ROLL
06:41:00,ROLL
06:41:15,UP
06:41:30,UP
06:41:45,UP
06:42:00,UP
06:42:15,UP
06:42:30,UP
06:42:45,UP
06:43:00,UP
06:43:15,BK_SW
06:43:30,BK_SW
06:43:45,BK_SW
06:44:00,BK_SW
06:44:15,BK_SW
06:44:30,ROLL
06:44:45,ROLL
06:45:00,ROLL
06:45:15,ROLL
06:45:30,ROLL
06:45:45,ROLL
06:46:00,ROLL
06:46:15,ROLL
06:46:30,
06:46:45,
06:47:00,LAND
06:47:15,LAND
06:47:30,LAND
06:47:45,LAND
06:48:00,LAND
06:48:15,
06:48:30,
06:48:45,LAND
06:49:00,
06:49:15,
06:49:30,H_DOWN
06:49:45,H_DOWN
06:50:00,H_DOWN
06:50:15,H_DOWN
06:50:30,H_DOWN
06:50:45,H_DOWN
06:51:00,H_DOWN
06:51:15,H_DOWN
06:51:30,H_DOWN
06:51:45,H_DOWN
06:52:00,H_DOWN
06:52:15,H_DOWN
06:52:30,H_DOWN
06:52:45,H_DOWN
06:53:00,H_DOWN
06:53:15,H_DOWN
06:53:30,H_DOWN
06:53:45,
06:54:00,
06:54:15,
06:54:30,
06:54:45,
06:55:00,
06:55:15,
06:55:30,
06:55:45,FS
06:56:00,FS
06:56:15,FS
06:56:30,FS
06:56:45,FS
06:57:00,FS
06:57:15,FS
06:57:30,FS
06:57:45,FS
06:58:00,FS
06:58:15,FS
06:58:30,FS
06:58:45,FS
06:59:00,FS
06:59:15,FS
06:59:30,FS
06:59:45,FS
07:00:00,FS
07:00:15,FS
07:00:30,FS
07:00:45,FS
07:01:00,FS
07:01:15,FS
07:01:30,FS
07:01:45,FS
07:02:00,FS
07:02:15,SHAK
07:02:30,SHAK
07:02:45,SHAK
07:03:00,SHAK
07:03:15,SHAK
07:03:30,SHAK
07:03:45,SHAK
07:04:00,SHAK
07:04:15,SHAK
07:04:30,LF
07:04:45,LF
07:05:00,LF
07:05:15,LF
07:05:30,LF
07:05:45,LF
07:06:00,LF
07:06:15,LF
07:06:30,LF
07:06:45,LF
07:07:00,LF
07:07:15,LF
07:07:30,LF
07:07:45,LF
07:08:00,LF
07:08:15,SHAK
07:08:30,SHAK
07:08:45,SHAK
07:09:00,SHAK
07:09:15,SHAK
07:09:30,SHAK
07:09:45,FS
07:10:00,FS
07:10:15,FS
07:10:30,FS
07:10:45,FS
07:11:00,SHAK
07:11:15,SHAK
07:11:30,SHAK
07:11:45,SHAK
07:12:00,SHAK
07:12:15,
07:12:30,
07:12:45,
07:13:00,
07:13:15,
07:13:30,
07:13:45,
07:14:00,
07:14:15,
07:14:30,
07:14:45,SHAK
07:15:00,SHAK
07:15:15,SHAK
07:15:30,
07:15:45,
07:16:00,
07:16:15,
07:16:30,
07:16:45,
07:17:00,
07:17:15,FS
07:17:30,
07:17:45,
07:18:00,
07:18:15,
07:18:30,
07:18:45,
07:19:00,
07:19:15,
07:19:30,
07:19:45,
07:20:00,
07:20:15,
07:20:30,
07:20:45,
07:21:00,
07:21:15,
07:21:30,DAN_CIRC
07:21:45,DAN_CIRC
07:22:00,DAN_CIRC
07:22:15,DAN_CIRC
07:22:30,DAN_CIRC
07:22:45,
07:23:00,
07:23:15,
07:23:30,
07:23:45,
07:24:00,
07:24:15,
07:24:30,
07:24:45,
07:25:00,
07:25:15,
07:25:30,
07:25:45,
07:26:00,
07:26:15,
07:26:30,
07:26:45,
07:27:00,
07:27:15,
07:27:30,
07:27:45,
07:28:00,
07:28:15,
07:28:30,
07:28:45,
07:29:00,
07:29:15,
07:29:30,
07:29:45,
07:30:00,
07:30:15,
07:30:30,
07:30:45,
07:31:00,
07:31:15,
07:31:30,
07:31:45,
07:32:00,
07:32:15,
07:32:30,
07:32:45,
07:33:00,
07:33:15,
07:33:30,
07:33:45,
07:34:00,
07:34:15,
07:34:30,
07:34:45,
07:35:00,
07:35:15,
07:35:30,
07:35:45,
07:36:00,
07:36:15,
07:36:30,
07:36:45,
07:37:00,
07:37:15,
07:37:30,
07:37:45,
07:38:00,
07:38:15,NIP_CORE
07:38:30,
07:38:45,
07:39:00,
07:39:15,
07:39:30,
07:39:45,
07:40:00,
07:40:15,
07:40:30,
07:40:45,
07:41:00,
07:41:15,
07:41:30,
07:41:45,
07:42:00,
07:42:15,
07:42:30,
07:42:45,
07:43:00,
07:43:15,
07:43:30,
07:43:45,
07:44:00,
07:44:15,
07:44:30,
07:44:45,
07:45:00,
07:45:15,
07:45:30,
07:45:45,
07:46:00,
07:46:15,
07:46:30,
07:46:45,NIP_CORE
07:47:00,
07:47:15,
07:47:30,
07:47:45,
07:48:00,
07:48:15,
07:48:30,
07:48:45,
07:49:00,
07:49:15,
07:49:30,
07:49:45,
07:50:00,
07:50:15,
07:50:30,
07:50:45,
07:51:00,
07:51:15,
07:51:30,
07:51:45,
07:52:00,
07:52:15,
07:52:30,
07:52:45,
07:53:00,
07:53:15,
07:53:30,
07:53:45,
07:54:00,
07:54:15,
07:54:30,
07:54:45,
07:55:00,
07:55:15,
07:55:30,
07:55:45,
07:56:00,
07:56:15,
07:56:30,
07:56:45,
07:57:00,
07:57:15,
07:57:30,
07:57:45,
07:58:00,
07:58:15,
07:58:30,
07:58:45,
07:59:00,
07:59:15,
07:59:30,
07:59:45,
08:00:00,
08:00:15,
08:00:30,
08:00:45,
08:01:00,
08:01:15,
08:01:30,
08:01:45,
08:02:00,
08:02:15,
08:02:30,
08:02:45,
08:03:00,
08:03:15,
08:03:30,
08:03:45,
08:04:00,
08:04:15,
08:04:30,
08:04:45,
08:05:00,BEND
08:05:15,BEND
08:05:30,BEND
08:05:45,BEND
08:06:00,BEND
08:06:15,BEND
08:06:30,BEND
08:06:45,MAF
08:07:00,MAF
08:07:15,MAF
08:07:30,MAF
08:07:45,MAF
08:08:00,MAF
08:08:15,MAF
08:08:30,MAF
08:08:45,
08:09:00,
08:09:15,
08:09:30,
08:09:45,
08:10:00,
08:10:15,
08:10:30,
08:10:45,
08:11:00,
08:11:15,
08:11:30,
08:11:45,
08:12:00,
08:12:15,
08:12:30,
08:12:45,
08:13:00,
08:13:15,
08:13:30,
08:13:45,
08:14:00,BEND
08:14:15,BEND
08:14:30,BEND
08:14:45,BEND
08:15:00,BEND
08:15:15,BEND
08:15:30,BEND
08:15:45,DAN_CIRC
08:16:00,DAN_CIRC
08:16:15,DAN_CIRC
08:16:30,DAN_CIRC
08:16:45,DAN_CIRC
08:17:00,DAN_CIRC
08:17:15,DAN_CIRC
08:17:30,DAN_CIRC
08:17:45,DAN_CIRC
08:18:00,DAN_CIRC
08:18:15,DAN_CIRC
08:18:30,DAN_CIRC
08:18:45,DAN_CIRC
08:19:00,DAN_CIRC
08:19:15,DAN_CIRC
08:19:30,DAN_CIRC
08:19:45,DAN_CIRC
08:20:00,DAN_CIRC
08:20:15,DAN_CIRC
08:20:30,
08:20:45,
08:21:00,
08:21:15,
08:21:30,
08:21:45,
08:22:00,
08:22:15,
08:22:30,
08:22:45,
08:23:00,NIP_IN
08:23:15,
08:23:30,ROLL
08:23:45,ROLL
08:24:00,ROLL
08:24:15,ROLL
08:24:30,ROLL
08:24:45,ROLL
08:25:00,ROLL
08:25:15,ROLL
08:25:30,ROLL
08:25:45,ROLL
08:26:00,
08:26:15,
08:26:30,
08:26:45,
08:27:00,
08:27:15,
08:27:30,
08:27:45,
08:28:00,
08:28:15,
08:28:30,
08:28:45,
08:29:00,
08:29:15,
08:29:30,
08:29:45,
08:30:00,
08:30:15,
08:30:30,
08:30:45,SHAK
08:31:00,SHAK
08:31:15,SHAK
08:31:30,SHAK
08:31:45,SHAK
08:32:00,SHAK
08:32:15,SHAK
08:32:30,SHAK
08:32:45,SHAK
08:33:00,SHAK
08:33:15,SHAK
08:33:30,
08:33:45,
08:34:00,
08:34:15,
08:34:30,
08:34:45,
08:35:00,
08:35:15,
08:35:30,
08:35:45,
08:36:00,
08:36:15,
08:36:30,
08:36:45,
08:37:00,
08:37:15,
08:37:30,
08:37:45,
08:38:00,
08:38:15,
08:38:30,
08:38:45,
08:39:00,
08:39:15,
08:39:30,
08:39:45,
08:40:00,
08:40:15,
08:40:30,
08:40:45,
08:41:00,
08:41:15,
08:41:30,
08:41:45,
08:42:00,
08:42:15,
08:42:30,
08:42:45,
08:43:00,
08:43:15,
08:43:30,
08:43:45,
08:44:00,
08:44:15,SHAK
08:44:30,SHAK
08:44:45,SHAK
08:45:00,SHAK
08:45:15,SHAK
08:45:30,SHAK
08:45:45,SHAK
08:46:00,
08:46:15,BEND
08:46:30,BEND
08:46:45,BEND
08:47:00,BEND
08:47:15,
08:47:30,
08:47:45,
08:48:00,
08:48:15,BEND
08:48:30,DAN_CIRC
08:48:45,DAN_CIRC
08:49:00,DAN_CIRC
08:49:15,DAN_CIRC
08:49:30,DAN_CIRC
08:49:45,DAN_CIRC
08:50:00,DAN_CIRC
08:50:15,DAN_CIRC
08:50:30,DAN_CIRC
08:50:45,GB
08:51:00,GB
08:51:15,GB
08:51:30,
08:51:45,
08:52:00,MAF
08:52:15,MAF
08:52:30,MAF
08:52:45,MAF
08:53:00,MAF
08:53:15,MAF
08:53:30,MAF
08:53:45,MAF
08:54:00,MAF
08:54:15,MAF
08:54:30,
08:54:45,
08:55:00,CHASE_FLEE
08:55:15,CHASE_FLEE
08:55:30,CHASE_FLEE
08:55:45,CHASE_FLEE
08:56:00,
08:56:15,
08:56:30,
08:56:45,
08:57:00,
08:57:15,
08:57:30,
08:57:45,
08:58:00,
08:58:15,
08:58:30,
08:58:45,
08:59:00,
08:59:15,
08:59:30,
08:59:45,
09:00:00,
09:00:15,
09:00:30,
09:00:45,
09:01:00,
09:01:15,
09:01:30,
09:01:45,
09:02:00,
09:02:15,
09:02:30,
09:02:45,
09:03:00,
09:03:15,
09:03:30,
09:03:45,
09:04:00,
09:04:15,
09:04:30,
09:04:45,
09:05:00,
09:05:15,
09:05:30,
09:05:45,
09:06:00,
09:06:15,
09:06:30,
09:06:45,
09:07:00,
09:07:15,
09:07:30,
09:07:45,
09:08:00,
09:08:15,
09:08:30,
09:08:45,
09:09:00,
09:09:15,
09:09:30,
09:09:45,
09:10:00,
09:10:15,
09:10:30,
09:10:45,
09:11:00,
09:11:15,
09:11:30,
09:11:45,
09:12:00,
09:12:15,
09:12:30,
09:12:45,
09:13:00,
09:13:15,
09:13:30,
09:13:45,
09:14:00,
09:14:15,
09:14:30,
09:14:45,
09:15:00,
09:15:15,
09:15:30,
09:15:45,
09:16:00,
09:16:15,
09:16:30,
09:16:45,
09:17:00,
09:17:15,
09:17:30,
09:17:45,
09:18:00,
09:18:15,
09:18:30,
09:18:45,
09:19:00,
09:19:15,
09:19:30,
09:19:45,
09:20:00,
09:20:15,
09:20:30,
09:20:45,
09:21:00,
09:21:15,
09:21:30,NIP_IN
09:21:45,
09:22:00,
09:22:15,
09:22:30,
09:22:45,
09:23:00,
09:23:15,
09:23:30,
09:23:45,
09:24:00,
09:24:15,
09:24:30,
09:24:45,
09:25:00,
09:25:15,
09:25:30,
09:25:45,
09:26:00,
09:26:15,
09:26:30,
09:26:45,
09:27:00,
09:27:15,
09:27:30,
09:27:45,
09:28:00,
09:28:15,
09:28:30,
09:28:45,
09:29:00,
09:29:15,
09:29:30,
09:29:45,
09:30:00,
09:30:15,
09:30:30,
09:30:45,
09:31:00,
09:31:15,
09:31:30,
09:31:45,
09:32:00,
09:32:15,
09:32:30,
09:32:45,
09:33:00,
09:33:15,
09:33:30,
09:33:45,
09:34:00,
09:34:15,
09:34:30,
09:34:45,
09:35:00,
09:35:15,
09:35:30,
09:35:45,
09:36:00,
09:36:15,
09:36:30,
09:36:45,
09:37:00,
09:37:15,
09:37:30,
09:37:45,
09:38:00,
09:38:15,
09:38:30,
09:38:45,
09:39:00,
09:39:15,
09:39:30,
09:39:45,
09:40:00,
09:40:15,
09:40:30,
09:40:45,
09:41:00,
09:41:15,
09:41:30,
09:41:45,
09:42:00,
09:42:15,
09:42:30,
09:42:45,
09:43:00,
09:43:15,
09:43:30,
09:43:45,
09:44:00,
09:44:15,
09:44:30,
09:44:45,
09:45:00,
09:45:15,
09:45:30,
09:45:45,
09:46:00,
09:46:15,NIP_IN
09:46:30,
09:46:45,
09:47:00,
09:47:15,
09:47:30,
09:47:45,
09:48:00,
09:48:15,
09:48:30,
09:48:45,
09:49:00,
09:49:15,
09:49:30,
09:49:45,
09:50:00,
09:50:15,
09:50:30,
09:50:45,
09:51:00,
09:51:15,
09:51:30,
09:51:45,
09:52:00,
09:52:15,
09:52:30,
09:52:45,
09:53:00,
09:53:15,
09:53:30,
09:53:45,
09:54:00,
09:54:15,
09:54:30,
09:54:45,
09:55:00,
09:55:15,
09:55:30,
09:55:45,
09:56:00,
09:56:15,
09:56:30,
09:56:45,
09:57:00,
09:57:15,
09:57:30,
09:57:45,
09:58:00,
09:58:15,
09:58:30,
09:58:45,
09:59:00,
09:59:15,
09:59:30,
09:59:45,
10:00:00,
10:00:15,
10:00:30,
10:00:45,
10:01:00,
10:01:15,
10:01:30,
10:01:45,
10:02:00,
10:02:15,
10:02:30,
10:02:45,
10:03:00,
10:03:15,
10:03:30,
10:03:45,
10:04:00,NIP_CORE
10:04:15,
10:04:30,
10:04:45,
10:05:00,
10:05:15,
10:05:30,
10:05:45,
10:06:00,
10:06:15,
10:06:30,
10:06:45,
10:07:00,
10:07:15,
10:07:30,
10:07:45,
10:08:00,
10:08:15,
10:08:30,
10:08:45,
10:09:00,
10:09:15,
10:09:30,
10:09:45,
10:10:00,
10:10:15,
10:10:30,
10:10:45,
10:11:00,
10:11:15,
10:11:30,
10:11:45,
10:12:00,
10:12:15,
10:12:30,
10:12:45,
10:13:00,NIP_IN
10:13:15,
10:13:30,
10:13:45,
10:14:00,
10:14:15,
10:14:30,
10:14:45,
10:15:00,NIP_IN
10:15:15,
10:15:30,
10:15:45,
10:16:00,
10:16:15,
10:16:30,
10:16:45,
10:17:00,
10:17:15,
10:17:30,
10:17:45,
10:18:00,
10:18:15,
10:18:30,
10:18:45,
10:19:00,NIP_IN
10:19:15,
10:19:30,
10:19:45,
10:20:00,
10:20:15,
10:20:30,
10:20:45,
10:21:00,
10:21:15,
10:21:30,
10:21:45,
10:22:00,
10:22:15,
10:22:30,
10:22:45,
10:23:00,
10:23:15,
10:23:30,
10:23:45,
10:24:00,
10:24:15,
10:24:30,
10:24:45,
10:25:00,
10:25:15,
10:25:30,
10:25:45,
10:26:00,
10:26:15,
10:26:30,
10:26:45,
10:27:00,
10:27:15,
10:27:30,
10:27:45,
10:28:00,
10:28:15,
10:28:30,
10:28:45,
10:29:00,
10:29:15,
10:29:30,
10:29:45,
10:30:00,
10:30:15,
10:30:30,
10:30:45,
10:31:00,
10:31:15,
10:31:30,
10:31:45,
10:32:00,
10:32:15,
10:32:30,
10:32:45,
10:33:00,
10:33:15,
10:33:30,
10:33:45,
10:34:00,
10:34:15,
10:34:30,
10:34:45,
10:35:00,
10:35:15,
10:35:30,
10:35:45,
10:36:00,
10:36:15,
10:36:30,
10:36:45,
10:37:00,
10:37:15,
10:37:30,
10:37:45,
10:38:00,
10:38:15,
10:38:30,
10:38:45,
10:39:00,
10:39:15,
10:39:30,
10:39:45,
10:40:00,
10:40:15,
10:40:30,
10:40:45,
10:41:00,
10:41:15,
10:41:30,
10:41:45,
10:42:00,
10:42:15,
10:42:30,
10:42:45,
10:43:00,
10:43:15,
10:43:30,
10:43:45,
10:44:00,
10:44:15,
10:44:30,
10:44:45,
10:45:00,
10:45:15,
10:45:30,
10:45:45,
10:46:00,
10:46:15,
10:46:30,
10:46:45,
10:47:00,
10:47:15,
10:47:30,
10:47:45,
10:48:00,
10:48:15,
10:48:30,
10:48:45,
10:49:00,
10:49:15,
10:49:30,
10:49:45,
10:50:00,
10:50:15,
10:50:30,
10:50:45,
10:51:00,
10:51:15,
10:51:30,
10:51:45,
10:52:00,NIP_IN
10:52:15,
10:52:30,
10:52:45,
10:53:00,
10:53:15,
10:53:30,
10:53:45,
10:54:00,
10:54:15,
10:54:30,
10:54:45,
10:55:00,
10:55:15,
10:55:30,
10:55:45,
10:56:00,
10:56:15,
10:56:30,
10:56:45,
10:57:00,
10:57:15,
10:57:30,
10:57:45,
10:58:00,
10:58:15,
10:58:30,
10:58:45,
10:59:00,
10:59:15,
10:59:30,
10:59:45,
11:00:00,
11:00:15,
11:00:30,
11:00:45,
11:01:00,
11:01:15,
11:01:30,
11:01:45,
11:02:00,
11:02:15,
11:02:30,NIP_IN
11:02:45,
11:03:00,
11:03:15,
11:03:30,
11:03:45,
11:04:00,
11:04:15,
11:04:30,
11:04:45,
11:05:00,
11:05:15,
11:05:30,
11:05:45,
11:06:00,
11:06:15,
11:06:30,
11:06:45,
11:07:00,
11:07:15,
11:07:30,
11:07:45,
11:08:00,
11:08:15,
11:08:30,
11:08:45,
11:09:00,
11:09:15,
11:09:30,
11:09:45,
11:10:00,
11:10:15,
11:10:30,
11:10:45,
11:11:00,
11:11:15,NIP_IN
11:11:30,AM
11:11:45,AM
11:12:00,AM
11:12:15,AM
11:12:30,AM
11:12:45,AM
11:13:00,AM
11:13:15,
11:13:30,
11:13:45,
11:14:00,FAN
11:14:15,
11:14:30,
11:14:45,
11:15:00,
11:15:15,
11:15:30,
11:15:45,
11:16:00,
11:16:15,
11:16:30,
11:16:45,
11:17:00,
11:17:15,
11:17:30,
11:17:45,
11:18:00,
11:18:15,
11:18:30,
11:18:45,
11:19:00,
11:19:15,
11:19:30,
11:19:45,
11:20:00,
11:20:15,
11:20:30,
11:20:45,
11:21:00,
11:21:15,
11:21:30,
11:21:45,
11:22:00,
11:22:15,
11:22:30,
11:22:45,
11:23:00,
11:23:15,
11:23:30,
11:23:45,
11:24:00,
11:24:15,
11:24:30,
11:24:45,
11:25:00,
11:25:15,
11:25:30,
11:25:45,
11:26:00,
11:26:15,
11:26:30,
11:26:45,
11:27:00,
11:27:15,
11:27:30,
11:27:45,
11:28:00,
11:28:15,
11:28:30,
11:28:45,
11:29:00,
11:29:15,
11:29:30,
11:29:45,
11:30:00,
11:30:15,
11:30:30,
11:30:45,
11:31:00,
11:31:15,
11:31:30,
11:31:45,
11:32:00,
11:32:15,
11:32:30,
11:32:45,
11:33:00,
11:33:15,
11:33:30,
11:33:45,
11:34:00,
11:34:15,
11:34:30,
11:34:45,
11:35:00,
11:35:15,
11:35:30,
11:35:45,
11:36:00,
11:36:15,
11:36:30,
11:36:45,
11:37:00,
11:37:15,
11:37:30,
11:37:45,
11:38:00,
11:38:15,
11:38:30,
11:38:45,
11:39:00,
11:39:15,
11:39:30,
11:39:45,
11:40:00,
11:40:15,
11:40:30,
11:40:45,
11:41:00,
11:41:15,NIP_IN
11:41:30,
11:41:45,
11:42:00,
11:42:15,
11:42:30,
11:42:45,
11:43:00,
11:43:15,
11:43:30,
11:43:45,
11:44:00,
11:44:15,
11:44:30,
11:44:45,
11:45:00,
11:45:15,
11:45:30,
11:45:45,
11:46:00,
11:46:15,
11:46:30,
11:46:45,
11:47:00,
11:47:15,
11:47:30,
11:47:45,
11:48:00,
11:48:15,
11:48:30,
11:48:45,
11:49:00,
11:49:15,
11:49:30,
11:49:45,
11:50:00,
11:50:15,
11:50:30,
11:50:45,
11:51:00,
11:51:15,
11:51:30,
11:51:45,
11:52:00,
11:52:15,
11:52:30,
11:52:45,
11:53:00,
11:53:15,
11:53:30,
11:53:45,
11:54:00,
11:54:15,
11:54:30,
11:54:45,
11:55:00,
11:55:15,
11:55:30,
11:55:45,
11:56:00,
11:56:15,NIP_CORE
11:56:30,
11:56:45,
11:57:00,
11:57:15,
11:57:30,
11:57:45,
11:58:00,
11:58:15,
11:58:30,CIRC
11:58:45,CIRC
11:59:00,CIRC
11:59:15,CIRC
11:59:30,CIRC
11:59:45,CIRC
12:00:00,CIRC
12:00:15,CIRC
12:00:30,CIRC
12:00:45,CIRC
12:01:00,CIRC
12:01:15,CIRC
12:01:30,CIRC
12:01:45,
12:02:00,
12:02:15,
12:02:30,
12:02:45,
12:03:00,
12:03:15,
12:03:30,
12:03:45,
12:04:00,
12:04:15,
12:04:30,
12:04:45,
12:05:00,
12:05:15,
12:05:30,
12:05:45,
12:06:00,
12:06:15,
12:06:30,
12:06:45,
12:07:00,
12:07:15,
12:07:30,
12:07:45,
12:08:00,
12:08:15,
12:08:30,
12:08:45,
12:09:00,
12:09:15,
12:09:30,
12:09:45,
12:10:00,
12:10:15,
12:10:30,
12:10:45,
12:11:00,
12:11:15,
12:11:30,
12:11:45,
12:12:00,
12:12:15,
12:12:30,
12:12:45,
12:13:00,
12:13:15,
12:13:30,
12:13:45,
12:14:00,
12:14:15,
12:14:30,
12:14:45,
12:15:00,
12:15:15,
12:15:30,
12:15:45,
12:16:00,
12:16:15,
12:16:30,
12:16:45,
12:17:00,
12:17:15,
12:17:30,
12:17:45,
12:18:00,
12:18:15,
12:18:30,
12:18:45,
12:19:00,
12:19:15,
12:19:30,
12:19:45,NIP_IN
12:20:00,
12:20:15,
12:20:30,
12:20:45,
12:21:00,
12:21:15,
12:21:30,
12:21:45,
12:22:00,
12:22:15,
12:22:30,
12:22:45,
12:23:00,
12:23:15,
12:23:30,
12:23:45,
12:24:00,
12:24:15,
12:24:30,
12:24:45,
12:25:00,
12:25:15,
12:25:30,
12:25:45,
12:26:00,
12:26:15,
12:26:30,
12:26:45,
12:27:00,
12:27:15,MAN
12:27:30,MAN
12:27:45,MAN
12:28:00,MAN
12:28:15,MAN
12:28:30,MAN
12:28:45,MAN
12:29:00,MAN
12:29:15,MAN
12:29:30,MAN
12:29:45,MAN
12:30:00,MAN
12:30:15,MAN
12:30:30,MAN
12:30:45,MAN
12:31:00,MAN
12:31:15,MAN
12:31:30,MAN
12:31:45,MAN
12:32:00,MAN
12:32:15,MAN
12:32:30,MAN
12:32:45,MAN
12:33:00,MAN
12:33:15,MAN
12:33:30,
12:33:45,
12:34:00,
12:34:15,
12:34:30,
12:34:45,
12:35:00,
12:35:15,
12:35:30,
12:35:45,
12:36:00,MAN
12:36:15,MAN
12:36:30,MAN
12:36:45,MAN
12:37:00,MAN
12:37:15,MAN
12:37:30,MAN
12:37:45,MAN
12:38:00,
12:38:15,
12:38:30,
12:38:45,
12:39:00,BEND
12:39:15,BEND
12:39:30,BEND
12:39:45,BEND
12:40:00,BEND
12:40:15,BEND
12:40:30,BEND
12:40:45,BEND
12:41:00,BEND
12:41:15,BEND
12:41:30,BK_SW
12:41:45,BK_SW
12:42:00,BK_SW
12:42:15,BK_SW
12:42:30,BK_SW
12:42:45,BK_SW
12:43:00,BK_SW
12:43:15,BK_SW
12:43:30,BK_SW
12:43:45,BK_SW
12:44:00,BK_SW
12:44:15,BK_SW
12:44:30,
12:44:45,
12:45:00,
12:45:15,
12:45:30,
12:45:45,
12:46:00,
12:46:15,
12:46:30,
12:46:45,
12:47:00,
12:47:15,
12:47:30,
12:47:45,ROLL
12:48:00,ROLL
12:48:15,ROLL
12:48:30,ROLL
12:48:45,ROLL
12:49:00,ROLL
12:49:15,ROLL
12:49:30,ROLL
12:49:45,ROLL
12:50:00,ROLL
12:50:15,ROLL
12:50:30,ROLL
12:50:45,ROLL
12:51:00,ROLL
12:51:15,ROLL
12:51:30,ROLL
12:51:45,ROLL
12:52:00,ROLL
12:52:15,ROLL
12:52:30,ROLL
12:52:45,
12:53:00,
12:53:15,
12:53:30,
12:53:45,
12:54:00,
12:54:15,
12:54:30,
12:54:45,
12:55:00,
12:55:15,
12:55:30,
12:55:45,
12:56:00,
12:56:15,
12:56:30,
12:56:45,
12:57:00,
12:57:15,ROLL
12:57:30,ROLL
12:57:45,ROLL
12:58:00,ROLL
12:58:15,
12:58:30,
12:58:45,
12:59:00,
12:59:15,
12:59:30,H_UP
12:59:45,H_UP
13:00:00,H_UP
13:00:15,H_UP
13:00:30,H_UP
13:00:45,H_UP
13:01:00,H_UP
13:01:15,H_UP
13:01:30,H_UP
13:01:45,H_UP
13:02:00,H_UP
13:02:15,H_UP
13:02:30,H_UP
13:02:45,H_UP
13:03:00,H_UP
13:03:15,H_UP
13:03:30,H_UP
13:03:45,H_UP
13:04:00,H_UP
13:04:15,H_UP
13:04:30,H_UP
13:04:45,H_UP
13:05:00,H_UP
13:05:15,
13:05:30,
13:05:45,
13:06:00,
13:06:15,
13:06:30,
13:06:45,
13:07:00,
13:07:15,
13:07:30,
13:07:45,
13:08:00,
13:08:15,
13:08:30,
13:08:45,
13:09:00,NIP_IN
13:09:15,
13:09:30,
13:09:45,
13:10:00,
13:10:15,
13:10:30,
13:10:45,
13:11:00,
13:11:15,
13:11:30,
13:11:45,
13:12:00,
13:12:15,
13:12:30,
13:12:45,
13:13:00,
13:13:15,
13:13:30,NIP_IN
13:13:45,
13:14:00,
13:14:15,
13:14:30,
13:14:45,
13:15:00,
13:15:15,
13:15:30,
13:15:45,
13:16:00,
13:16:15,
13:16:30,
13:16:45,
13:17:00,
13:17:15,
13:17:30,
13:17:45,
13:18:00,
13:18:15,NIP_CORE
13:18:30,
13:18:45,
13:19:00,
13:19:15,
13:19:30,
13:19:45,
13:20:00,
13:20:15,
13:20:30,
13:20:45,
13:21:00,
13:21:15,
13:21:30,
13:21:45,
13:22:00,
13:22:15,
13:22:30,
13:22:45,
13:23:00,
13:23:15,
13:23:30,
13:23:45,
13:24:00,
13:24:15,
13:24:30,
13:24:45,NIP_IN
13:25:00,
13:25:15,
13:25:30,
13:25:45,
13:26:00,
13:26:15,NIP_IN
13:26:30,
13:26:45,
13:27:00,
13:27:15,
13:27:30,
13:27:45,
13:28:00,
13:28:15,
13:28:30,
13:28:45,
13:29:00,
13:29:15,
13:29:30,
13:29:45,
13:30:00,
13:30:15,
13:30:30,
13:30:45,
13:31:00,
13:31:15,
13:31:30,
13:31:45,
13:32:00,
13:32:15,
13:32:30,
13:32:45,
13:33:00,
13:33:15,
13:33:30,
13:33:45,
13:34:00,
13:34:15,
13:34:30,
13:34:45,
13:35:00,
13:35:15,
13:35:30,
13:35:45,
13:36:00,
13:36:15,
13:36:30,NIP_IN
13:36:45,
13:37:00,
13:37:15,
13:37:30,
13:37:45,NIP_IN
13:38:00,
13:38:15,
13:38:30,
13:38:45,
13:39:00,
13:39:15,
13:39:30,
13:39:45,
13:40:00,
13:40:15,
13:40:30,
13:40:45,
13:41:00,
13:41:15,
13:41:30,
13:41:45,
13:42:00,
13:42:15,
13:42:30,
13:42:45,
13:43:00,
13:43:15,
13:43:30,
13:43:45,
13:44:00,
13:44:15,
13:44:30,
13:44:45,
13:45:00,
13:45:15,
13:45:30,
13:45:45,MAN
13:46:00,MAN
13:46:15,MAN
13:46:30,MAN
13:46:45,
13:47:00,
13:47:15,
13:47:30,NIP_IN
13:47:45,
13:48:00,
13:48:15,
13:48:30,
13:48:45,
13:49:00,
13:49:15,
13:49:30,
13:49:45,
13:50:00,
13:50:15,
13:50:30,
13:50:45,
13:51:00,NIP_IN
13:51:15,
13:51:30,
13:51:45,
13:52:00,UP
13:52:15,UP
13:52:30,UP
13:52:45,UP
13:53:00,UP
13:53:15,UP
13:53:30,UP
13:53:45,BEND
13:54:00,BEND
13:54:15,BEND
13:54:30,BEND
13:54:45,BEND
13:55:00,BEND
13:55:15,BEND
13:55:30,BEND
13:55:45,BEND
13:56:00,BEND
13:56:15,BEND
13:56:30,BEND
13:56:45,BEND
13:57:00,
13:57:15,
13:57:30,
13:57:45,
13:58:00,
13:58:15,
13:58:30,
13:58:45,
13:59:00,
13:59:15,BEND
13:59:30,BEND
13:59:45,BEND
14:00:00,BEND
14:00:15,BEND
14:00:30,BEND
14:00:45,ROLL
14:01:00,ROLL
14:01:15,ROLL
14:01:30,ROLL
14:01:45,ROLL
14:02:00,ROLL
14:02:15,
14:02:30,
14:02:45,UP
14:03:00,UP
14:03:15,UP
14:03:30,UP
14:03:45,
14:04:00,
14:04:15,
14:04:30,
14:04:45,
14:05:00,
14:05:15,
14:05:30,BEND
14:05:45,BEND
14:06:00,BEND
14:06:15,
14:06:30,NIP_CORE
14:06:45,
14:07:00,
14:07:15,
14:07:30,ROLL
14:07:45,ROLL
14:08:00,ROLL
14:08:15,ROLL
14:08:30,ROLL
14:08:45,ROLL
14:09:00,ROLL
14:09:15,ROLL
14:09:30,BK_SW
14:09:45,BK_SW
14:10:00,BK_SW
14:10:15,BK_SW
14:10:30,BK_SW
14:10:45,BK_SW
14:11:00,BK_SW
14:11:15,BK_SW
14:11:30,
14:11:45,
14:12:00,
14:12:15,
14:12:30,
14:12:45,
14:13:00,
14:13:15,
14:13:30,
14:13:45,
14:14:00,
14:14:15,
14:14:30,
14:14:45,
14:15:00,
14:15:15,
14:15:30,
14:15:45,
14:16:00,
14:16:15,
14:16:30,
14:16:45,
14:17:00,
14:17:15,
14:17:30,
14:17:45,
14:18:00,
14:18:15,
14:18:30,
14:18:45,
14:19:00,
14:19:15,
14:19:30,NIP_CORE
14:19:45,
14:20:00,
14:20:15,
14:20:30,
14:20:45,
14:21:00,
14:21:15,
14:21:30,
14:21:45,
14:22:00,
14:22:15,ROLL
14:22:30,ROLL
14:22:45,ROLL
14:23:00,ROLL
14:23:15,ROLL
14:23:30,ROLL
14:23:45,ROLL
14:24:00,ROLL
14:24:15,ROLL
14:24:30,ROLL
14:24:45,
14:25:00,
14:25:15,
14:25:30,
14:25:45,
14:26:00,
14:26:15,
14:26:30,
14:26:45,
14:27:00,
14:27:15,
14:27:30,
14:27:45,
14:28:00,
14:28:15,
14:28:30,
14:28:45,
14:29:00,
14:29:15,
14:29:30,
14:29:45,
14:30:00,
14:30:15,
14:30:30,
14:30:45,
14:31:00,
14:31:15,
14:31:30,
14:31:45,
14:32:00,
14:32:15,
14:32:30,
14:32:45,
14:33:00,NIP_CORE
14:33:15,
14:33:30,
14:33:45,
14:34:00,
14:34:15,
14:34:30,
14:34:45,ROLL
14:35:00,ROLL
14:35:15,ROLL
14:35:30,ROLL
14:35:45,ROLL
14:36:00,BK_SW
14:36:15,BK_SW
14:36:30,BK_SW
14:36:45,BK_SW
14:37:00,BK_SW
14:37:15,BK_SW
14:37:30,BK_SW
14:37:45,BEND
14:38:00,BEND
14:38:15,BEND
14:38:30,
14:38:45,
14:39:00,
14:39:15,
14:39:30,
14:39:45,
14:40:00,
14:40:15,
14:40:30,
14:40:45,
14:41:00,
14:41:15,
14:41:30,
14:41:45,
14:42:00,
14:42:15,
14:42:30,
14:42:45,
14:43:00,
14:43:15,
14:43:30,
14:43:45,
14:44:00,
14:44:15,
14:44:30,
14:44:45,
14:45:00,FAN
14:45:15,FAN
14:45:30,FAN
14:45:45,FAN
14:46:00,FAN
14:46:15,FAN
14:46:30,
14:46:45,
14:47:00,
14:47:15,
14:47:30,
14:47:45,
14:48:00,
14:48:15,
14:48:30,
14:48:45,
14:49:00,
14:49:15,
14:49:30,
14:49:45,
14:50:00,
14:50:15,
14:50:30,BEND
14:50:45,BEND
14:51:00,BEND
14:51:15,BEND
14:51:30,
14:51:45,
14:52:00,
14:52:15,
14:52:30,DAN_CIRC
14:52:45,DAN_CIRC
14:53:00,DAN_CIRC
14:53:15,DAN_CIRC
14:53:30,DAN_CIRC
14:53:45,DAN_CIRC
14:54:00,DAN_CIRC
14:54:15,DAN_CIRC
14:54:30,DAN_CIRC
14:54:45,DAN_CIRC
14:55:00,DAN_CIRC
14:55:15,DAN_CIRC
14:55:30,DAN_CIRC
14:55:45,DAN_CIRC
14:56:00,DAN_CIRC
14:56:15,BEND
14:56:30,BEND
14:56:45,BEND
14:57:00,BEND
14:57:15,BEND
14:57:30,BEND
14:57:45,GB
14:58:00,GB
14:58:15,GB
14:58:30,
14:58:45,
14:59:00,
14:59:15,DAN_CIRC
14:59:30,DAN_CIRC
14:59:45,DAN_CIRC
15:00:00,DAN_CIRC
15:00:15,DAN_CIRC
15:00:30,DAN_CIRC
15:00:45,DAN_CIRC
15:01:00,DAN_CIRC
15:01:15,GB
15:01:30,GB
15:01:45,GB
15:02:00,GB
15:02:15,GB
15:02:30,
15:02:45,BEND
15:03:00,DAN_CIRC
15:03:15,DAN_CIRC
15:03:30,DAN_CIRC
15:03:45,DAN_CIRC
15:04:00,DAN_CIRC
15:04:15,DAN_CIRC
15:04:30,BEND
15:04:45,BEND
15:05:00,GB
15:05:15,GB
15:05:30,GB
15:05:45,GB
15:06:00,GB
15:06:15,GB
15:06:30,GB
15:06:45,DAN_CIRC
15:07:00,DAN_CIRC
15:07:15,DAN_CIRC
15:07:30,DAN_CIRC
15:07:45,DAN_CIRC
15:08:00,DAN_CIRC
15:08:15,BEND
15:08:30,BEND
15:08:45,GB
15:09:00,GB
15:09:15,GB
15:09:30,GB
15:09:45,GB
15:10:00,GB
15:10:15,GB
15:10:30,GB
15:10:45,GB
15:11:00,GB
15:11:15,
15:11:30,
15:11:45,
15:12:00,
15:12:15,
15:12:30,
15:12:45,
15:13:00,NIP_CORE
15:13:15,NIP_CORE
15:13:30,NIP_CORE
15:13:45,
15:14:00,
15:14:15,
15:14:30,
15:14:45,
15:15:00,
15:15:15,DAN_CIRC
15:15:30,DAN_CIRC
15:15:45,DAN_CIRC
15:16:00,DAN_CIRC
15:16:15,DAN_CIRC
15:16:30,DAN_CIRC
15:16:45,DAN_CIRC
15:17:00,DAN_CIRC
15:17:15,DAN_CIRC
15:17:30,DAN_CIRC
15:17:45,BEND
15:18:00,BEND
15:18:15,GB
15:18:30,GB
15:18:45,
15:19:00,
15:19:15,
15:19:30,DAN_CIRC
15:19:45,DAN_CIRC
15:20:00,DAN_CIRC
15:20:15,DAN_CIRC
15:20:30,DAN_CIRC
15:20:45,BEND
15:21:00,BEND
15:21:15,BEND
15:21:30,BEND
15:21:45,BEND
15:22:00,GB
15:22:15,GB
15:22:30,GB
15:22:45,GB
15:23:00,GB
15:23:15,GB
15:23:30,GB
15:23:45,GB
15:24:00,GB
15:24:15,
15:24:30,DAN_CIRC
15:24:45,DAN_CIRC
15:25:00,DAN_CIRC
15:25:15,DAN_CIRC
15:25:30,DAN_CIRC
15:25:45,BEND
15:26:00,BEND
15:26:15,BEND
15:26:30,BEND
15:26:45,GB
15:27:00,GB
15:27:15,GB
15:27:30,GB
15:27:45,DAN_CIRC
15:28:00,DAN_CIRC
15:28:15,DAN_CIRC
15:28:30,DAN_CIRC
15:28:45,DAN_CIRC
15:29:00,BEND
15:29:15,BEND
15:29:30,BEND
15:29:45,BEND
15:30:00,GB
15:30:15,GB
15:30:30,DAN_CIRC
15:30:45,DAN_CIRC
15:31:00,DAN_CIRC
15:31:15,DAN_CIRC
15:31:30,DAN_CIRC
15:31:45,DAN_CIRC
15:32:00,BEND
15:32:15,BEND
15:32:30,BEND
15:32:45,
15:33:00,
15:33:15,GB
15:33:30,
15:33:45,DAN_CIRC
15:34:00,DAN_CIRC
15:34:15,
15:34:30,
15:34:45,
15:35:00,
15:35:15,
15:35:30,GB
15:35:45,GB
15:36:00,
15:36:15,
15:36:30,
15:36:45,
15:37:00,
15:37:15,LF
15:37:30,LF
15:37:45,LF
15:38:00,LF
15:38:15,
15:38:30,
15:38:45,
15:39:00,
15:39:15,
15:39:30,
15:39:45,
15:40:00,
15:40:15,
15:40:30,
15:40:45,
15:41:00,
15:41:15,
15:41:30,
15:41:45,
15:42:00,
15:42:15,
15:42:30,
15:42:45,
15:43:00,
15:43:15,BEND
15:43:30,BEND
15:43:45,
15:44:00,SHAK
15:44:15,SHAK
15:44:30,SHAK
15:44:45,BEND
15:45:00,BEND
15:45:15,BEND
15:45:30,BEND
15:45:45,BEND
15:46:00,BEND
15:46:15,
15:46:30,
15:46:45,
15:47:00,
15:47:15,
15:47:30,
15:47:45,
15:48:00,
15:48:15,
15:48:30,DAN_CIRC
15:48:45,DAN_CIRC
15:49:00,DAN_CIRC
15:49:15,DAN_CIRC
15:49:30,DAN_CIRC
15:49:45,DAN_CIRC
15:50:00,DAN_CIRC
15:50:15,DAN_CIRC
15:50:30,DAN_CIRC
15:50:45,DAN_CIRC
15:51:00,DAN_CIRC
15:51:15,DAN_CIRC
15:51:30,DAN_CIRC
15:51:45,DAN_CIRC
15:52:00,DAN_CIRC
15:52:15,DAN_CIRC
15:52:30,DAN_CIRC
15:52:45,DAN_CIRC
15:53:00,DAN_CIRC
15:53:15,DAN_CIRC
15:53:30,DAN_CIRC
15:53:45,DAN_CIRC
15:54:00,DAN_CIRC
15:54:15,DAN_CIRC
15:54:30,BEND
15:54:45,BEND
15:55:00,BEND
15:55:15,BEND
15:55:30,GB
15:55:45,GB
15:56:00,GB
15:56:15,GB
15:56:30,GB
15:56:45,GB
15:57:00,GB
15:57:15,GB
15:57:30,GB
15:57:45,
15:58:00,
15:58:15,
15:58:30,
15:58:45,
15:59:00,
15:59:15,NIP_CORE
15:59:30,
15:59:45,
16:00:00,
16:00:15,NIP_CORE
16:00:30,
16:00:45,
16:01:00,
16:01:15,
16:01:30,
16:01:45,
16:02:00,
16:02:15,
16:02:30,
16:02:45,
16:03:00,BEND
16:03:15,BEND
16:03:30,BEND
16:03:45,
16:04:00,
16:04:15,
16:04:30,
16:04:45,ROLL
16:05:00,ROLL
16:05:15,ROLL
16:05:30,
16:05:45,
16:06:00,
16:06:15,
16:06:30,
16:06:45,
16:07:00,
16:07:15,
16:07:30,
16:07:45,
16:08:00,
16:08:15,
16:08:30,
16:08:45,
16:09:00,BEND
16:09:15,BEND
16:09:30,ROLL
16:09:45,ROLL
16:10:00,BEND_OPP
16:10:15,BEND_OPP
16:10:30,BEND_OPP
16:10:45,BEND_OPP
16:11:00,
16:11:15,
16:11:30,
16:11:45,
16:12:00,
16:12:15,BEND
16:12:30,BEND
16:12:45,BEND
16:13:00,
16:13:15,BEND
16:13:30,BEND
16:13:45,DAN_CIRC
16:14:00,DAN_CIRC
16:14:15,DAN_CIRC
16:14:30,DAN_CIRC
16:14:45,DAN_CIRC
16:15:00,BEND
16:15:15,BEND
16:15:30,BEND
16:15:45,BEND
16:16:00,BEND
16:16:15,BEND
16:16:30,BEND
16:16:45,BEND
16:17:00,GB
16:17:15,GB
16:17:30,GB
16:17:45,DAN_CIRC
16:18:00,DAN_CIRC
16:18:15,DAN_CIRC
16:18:30,DAN_CIRC
16:18:45,DAN_CIRC
16:19:00,BEND
16:19:15,BEND
16:19:30,BEND
16:19:45,BEND
16:20:00,BEND
16:20:15,BEND
16:20:30,BEND
16:20:45,GB
16:21:00,GB
16:21:15,GB
16:21:30,GB
16:21:45,DAN_CIRC
16:22:00,DAN_CIRC
16:22:15,DAN_CIRC
16:22:30,DAN_CIRC
16:22:45,DAN_CIRC
16:23:00,BEND
16:23:15,BEND
16:23:30,BEND
16:23:45,BEND
16:24:00,GB
16:24:15,GB
16:24:30,GB
16:24:45,DAN_CIRC
16:25:00,DAN_CIRC
16:25:15,DAN_CIRC
16:25:30,DAN_CIRC
16:25:45,
16:26:00,NIP_CORE
16:26:15,NIP_CORE
16:26:30,NIP_CORE
16:26:45,NIP_CORE
16:27:00,
16:27:15,
16:27:30,
16:27:45,
16:28:00,NIP_CORE
16:28:15,NIP_CORE
16:28:30,NIP_CORE
16:28:45,
16:29:00,
16:29:15,
16:29:30,
16:29:45,
16:30:00,
16:30:15,
16:30:30,
16:30:45,
16:31:00,
16:31:15,
16:31:30,
16:31:45,
16:32:00,
16:32:15,
16:32:30,
16:32:45,
16:33:00,
16:33:15,
16:33:30,
16:33:45,
16:34:00,
16:34:15,NIP_IN
16:34:30,
16:34:45,
16:35:00,
16:35:15,
16:35:30,
16:35:45,
16:36:00,
16:36:15,
16:36:30,
16:36:45,
16:37:00,
16:37:15,
16:37:30,
16:37:45,NIP_IN
16:38:00,
16:38:15,
16:38:30,
16:38:45,
16:39:00,
16:39:15,
16:39:30,
16:39:45,
16:40:00,
16:40:15,
16:40:30,
16:40:45,
16:41:00,
16:41:15,
16:41:30,ROLL
16:41:45,ROLL
16:42:00,ROLL
16:42:15,ROLL
16:42:30,ROLL
16:42:45,ROLL
16:43:00,ROLL
16:43:15,BK_SW
16:43:30,BK_SW
16:43:45,BK_SW
16:44:00,BK_SW
16:44:15,BK_SW
16:44:30,BK_SW
16:44:45,BK_SW
16:45:00,BK_SW
16:45:15,BK_SW
16:45:30,MAF
16:45:45,MAF
16:46:00,MAF
16:46:15,MAF
16:46:30,MAF
16:46:45,MAF
16:47:00,MAF
16:47:15,MAF
16:47:30,
16:47:45,
16:48:00,
16:48:15,LAND
16:48:30,LAND
16:48:45,LAND
16:49:00,LAND
16:49:15,LAND
16:49:30,LAND
16:49:45,LAND
16:50:00,
16:50:15,
16:50:30,
16:50:45,
16:51:00,
16:51:15,
16:51:30,
16:51:45,
16:52:00,NIP_IN
16:52:15,
16:52:30,
16:52:45,
16:53:00,
16:53:15,
16:53:30,
16:53:45,
16:54:00,
16:54:15,
16:54:30,
16:54:45,
16:55:00,
16:55:15,
16:55:30,
16:55:45,
16:56:00,
16:56:15,
16:56:30,
16:56:45,
16:57:00,
16:57:15,
16:57:30,
16:57:45,MAF
16:58:00,MAF
16:58:15,MAF
16:58:30,MAF
16:58:45,MAF
16:59:00,MAF
16:59:15,MAF
16:59:30,MAF
16:59:45,MAF
17:00:00,MAF
17:00:15,
17:00:30,
17:00:45,
17:01:00,
17:01:15,LAND
17:01:30,LAND
17:01:45,LAND
17:02:00,LAND
17:02:15,LAND
17:02:30,
17:02:45,
17:03:00,
17:03:15,
17:03:30,
17:03:45,
17:04:00,
17:04:15,BK_SW
17:04:30,BK_SW
17:04:45,BK_SW
17:05:00,BK_SW
17:05:15,BK_SW
17:05:30,BK_SW
17:05:45,BK_SW
17:06:00,BK_SW
17:06:15,
17:06:30,
17:06:45,
17:07:00,
17:07:15,
17:07:30,
17:07:45,
17:08:00,
17:08:15,
17:08:30,
17:08:45,LF
17:09:00,LF
17:09:15,LF
17:09:30,LF
17:09:45,MAF
17:10:00,MAF
17:10:15,MAF
17:10:30,MAF
17:10:45,MAF
17:11:00,MAF
17:11:15,
17:11:30,
17:11:45,
17:12:00,
17:12:15,
17:12:30,
17:12:45,
17:13:00,
17:13:15,
17:13:30,
17:13:45,
17:14:00,
17:14:15,
17:14:30,
17:14:45,
17:15:00,
17:15:15,
17:15:30,BEND
17:15:45,BEND
17:16:00,BEND
17:16:15,BEND
17:16:30,BEND
17:16:45,BEND
17:17:00,BEND
17:17:15,DAN_CIRC
17:17:30,DAN_CIRC
17:17:45,DAN_CIRC
17:18:00,DAN_CIRC
17:18:15,DAN_CIRC
17:18:30,DAN_CIRC
17:18:45,DAN_CIRC
17:19:00,DAN_CIRC
17:19:15,DAN_CIRC
17:19:30,DAN_CIRC
17:19:45,DAN_CIRC
17:20:00,DAN_CIRC
17:20:15,DAN_CIRC
17:20:30,DAN_CIRC
17:20:45,DAN_CIRC
17:21:00,DAN_CIRC
17:21:15,DAN_CIRC
17:21:30,BEND
17:21:45,BEND
17:22:00,BEND
17:22:15,BEND
17:22:30,BEND
17:22:45,BEND
17:23:00,GB
17:23:15,GB
17:23:30,GB
17:23:45,GB
17:24:00,GB
17:24:15,GB
17:24:30,
17:24:45,DAN_CIRC
17:25:00,DAN_CIRC
17:25:15,DAN_CIRC
17:25:30,DAN_CIRC
17:25:45,DAN_CIRC
17:26:00,DAN_CIRC
17:26:15,BEND
17:26:30,BEND
17:26:45,BEND
17:27:00,GB
17:27:15,GB
17:27:30,GB
17:27:45,GB
17:28:00,GB
17:28:15,GB
17:28:30,DAN_CIRC
17:28:45,DAN_CIRC
17:29:00,DAN_CIRC
17:29:15,DAN_CIRC
17:29:30,DAN_CIRC
17:29:45,BEND
17:30:00,BEND
17:30:15,BEND
17:30:30,BEND
17:30:45,BEND
17:31:00,BEND
17:31:15,BEND
17:31:30,GB
17:31:45,GB
17:32:00,GB
17:32:15,GB
17:32:30,GB
17:32:45,
17:33:00,
17:33:15,DAN_CIRC
17:33:30,DAN_CIRC
17:33:45,DAN_CIRC
17:34:00,DAN_CIRC
17:34:15,DAN_CIRC
17:34:30,DAN_CIRC
17:34:45,BEND
17:35:00,BEND
17:35:15,BEND
17:35:30,GB
17:35:45,GB
17:36:00,GB
17:36:15,GB
17:36:30,GB
17:36:45,
17:37:00,
17:37:15,SPA
17:37:30,
17:37:45,
17:38:00,
17:38:15,BEND
17:38:30,BEND
17:38:45,GB
17:39:00,GB
17:39:15,
17:39:30,
17:39:45,
17:40:00,SPA
17:40:15,
17:40:30,
17:40:45,
17:41:00,BEND
17:41:15,BEND
17:41:30,BEND
17:41:45,GB
17:42:00,GB
17:42:15,GB
17:42:30,GB
17:42:45,
17:43:00,
17:43:15,SPA
17:43:30,
17:43:45,
17:44:00,BEND
17:44:15,DAN_CIRC
17:44:30,DAN_CIRC
17:44:45,DAN_CIRC
17:45:00,DAN_CIRC
17:45:15,
17:45:30,
17:45:45,
17:46:00,
17:46:15,
17:46:30,
17:46:45,
17:47:00,
17:47:15,BEND
17:47:30,BEND
17:47:45,
17:48:00,
17:48:15,
17:48:30,
17:48:45,
17:49:00,
17:49:15,
17:49:30,
17:49:45,
17:50:00,
17:50:15,
17:50:30,
17:50:45,
17:51:00,
17:51:15,
17:51:30,
17:51:45,
17:52:00,
17:52:15,
17:52:30,
17:52:45,
17:53:00,NIP_CORE
17:53:15,NIP_CORE
17:53:30,NIP_CORE
17:53:45,NIP_CORE
17:54:00,NIP_CORE
17:54:15,NIP_CORE
17:54:30,
17:54:45,
17:55:00,
17:55:15,
17:55:30,
17:55:45,
17:56:00,
17:56:15,
17:56:30,
17:56:45,
17:57:00,
17:57:15,
17:57:30,
17:57:45,
17:58:00,
17:58:15,NIP_CORE
17:58:30,NIP_CORE
17:58:45,NIP_CORE
17:59:00,NIP_CORE
17:59:15,NIP_CORE
17:59:30,NIP_CORE
17:59:45,NIP_CORE
18:00:00,
18:00:15,ROLL
18:00:30,ROLL
18:00:45,ROLL
18:01:00,ROLL
18:01:15,ROLL
18:01:30,
18:01:45,
18:02:00,
18:02:15,
18:02:30,
18:02:45,BEND
18:03:00,BEND
18:03:15,DAN_CIRC
18:03:30,DAN_CIRC
18:03:45,DAN_CIRC
18:04:00,DAN_CIRC
18:04:15,DAN_CIRC
18:04:30,DAN_CIRC
18:04:45,DAN_CIRC
18:05:00,DAN_CIRC
18:05:15,DAN_CIRC
18:05:30,DAN_CIRC
18:05:45,DAN_CIRC
18:06:00,DAN_CIRC
18:06:15,DAN_CIRC
18:06:30,DAN_CIRC
18:06:45,DAN_CIRC
18:07:00,DAN_CIRC
18:07:15,DAN_CIRC
18:07:30,DAN_CIRC
18:07:45,DAN_CIRC
18:08:00,DAN_CIRC
18:08:15,
18:08:30,
18:08:45,
18:09:00,
18:09:15,DAN_CIRC
18:09:30,DAN_CIRC
18:09:45,DAN_CIRC
18:10:00,BEND
18:10:15,GB
18:10:30,GB
18:10:45,GB
18:11:00,GB
18:11:15,GB
18:11:30,GB
18:11:45,GB
18:12:00,GB
18:12:15,GB
18:12:30,GB
18:12:45,GB
18:13:00,GB
18:13:15,GB
18:13:30,GB
18:13:45,GB
18:14:00,GB
18:14:15,GB
18:14:30,GB
18:14:45,
18:15:00,
18:15:15,
18:15:30,
18:15:45,
18:16:00,
18:16:15,
18:16:30,
18:16:45,
18:17:00,DAN_CIRC
18:17:15,DAN_CIRC
18:17:30,DAN_CIRC
18:17:45,DAN_CIRC
18:18:00,DAN_CIRC
18:18:15,BEND
18:18:30,BEND
18:18:45,BEND
18:19:00,BEND
18:19:15,BEND
18:19:30,GB
18:19:45,GB
18:20:00,GB
18:20:15,GB
18:20:30,GB
18:20:45,GB
18:21:00,GB
18:21:15,GB
18:21:30,GB
18:21:45,GB
18:22:00,GB
18:22:15,GB
18:22:30,GB
18:22:45,GB
18:23:00,GB
18:23:15,GB
18:23:30,GB
18:23:45,GB
18:24:00,GB
18:24:15,GB
18:24:30,GB
18:24:45,GB
18:25:00,GB
18:25:15,GB
18:25:30,GB
18:25:45,GB
18:26:00,GB
18:26:15,GB
18:26:30,
18:26:45,
18:27:00,MAF
18:27:15,MAF
18:27:30,MAF
18:27:45,MAF
18:28:00,
18:28:15,
18:28:30,
18:28:45,
18:29:00,
18:29:15,
18:29:30,
18:29:45,
18:30:00,
18:30:15,
18:30:30,
18:30:45,BEND
18:31:00,BEND
18:31:15,BEND
18:31:30,BEND
18:31:45,BEND
18:32:00,BEND
18:32:15,
18:32:30,
18:32:45,
18:33:00,
18:33:15,
18:33:30,
18:33:45,DAN_CIRC
18:34:00,DAN_CIRC
18:34:15,DAN_CIRC
18:34:30,DAN_CIRC
18:34:45,DAN_CIRC
18:35:00,DAN_CIRC
18:35:15,DAN_CIRC
18:35:30,DAN_CIRC
18:35:45,DAN_CIRC
18:36:00,BEND
18:36:15,BEND
18:36:30,BEND
18:36:45,BEND
18:37:00,BEND
18:37:15,GB
18:37:30,GB
18:37:45,GB
18:38:00,GB
18:38:15,GB
18:38:30,GB
18:38:45,
18:39:00,
18:39:15,
18:39:30,SPA
18:39:45,SPA
18:40:00,
18:40:15,BEND
18:40:30,BEND
18:40:45,BEND
18:41:00,BEND
18:41:15,GB
18:41:30,GB
18:41:45,GB
18:42:00,GB
18:42:15,
18:42:30,
18:42:45,
18:43:00,SPA
18:43:15,SPA
18:43:30,
18:43:45,
18:44:00,
18:44:15,
18:44:30,
18:44:45,BK_SW
18:45:00,BK_SW
18:45:15,
18:45:30,
18:45:45,
18:46:00,
18:46:15,
18:46:30,
18:46:45,
18:47:00,NIP_CORE
18:47:15,NIP_CORE
18:47:30,NIP_CORE
18:47:45,NIP_CORE
18:48:00,
18:48:15,
18:48:30,
18:48:45,
18:49:00,
18:49:15,
18:49:30,
18:49:45,
18:50:00,
18:50:15,NIP_CORE
18:50:30,NIP_CORE
18:50:45,NIP_CORE
18:51:00,H_DOWN
18:51:15,H_DOWN
18:51:30,H_DOWN
18:51:45,H_DOWN
18:52:00,H_DOWN
18:52:15,H_DOWN
18:52:30,H_DOWN
18:52:45,MAF
18:53:00,MAF
18:53:15,MAF
18:53:30,MAF
18:53:45,BK_SW
18:54:00,BK_SW
18:54:15,BK_SW
18:54:30,BK_SW
18:54:45,
18:55:00,
18:55:15,INSF
18:55:30,INSF
18:55:45,INSF
18:56:00,INSF
18:56:15,NIP_IN
18:56:30,NIP_IN
18:56:45,
18:57:00,
18:57:15,
18:57:30,NIP_CORE
18:57:45,NIP_CORE
18:58:00,NIP_CORE
18:58:15,
18:58:30,
18:58:45,
18:59:00,
18:59:15,
18:59:30,
18:59:45,
19:00:00,
19:00:15,
19:00:30,
19:00:45,
19:01:00,MAF
19:01:15,MAF
19:01:30,MAF
19:01:45,MAF
19:02:00,MAF
19:02:15,MAF
19:02:30,
19:02:45,
19:03:00,BEND
19:03:15,BEND
19:03:30,DAN_CIRC
19:03:45,DAN_CIRC
19:04:00,DAN_CIRC
19:04:15,DAN_CIRC
19:04:30,DAN_CIRC
19:04:45,DAN_CIRC
19:05:00,DAN_CIRC
19:05:15,DAN_CIRC
19:05:30,DAN_CIRC
19:05:45,DAN_CIRC
19:06:00,DAN_CIRC
19:06:15,BEND
19:06:30,BEND
19:06:45,BEND
19:07:00,GB
19:07:15,GB
19:07:30,GB
19:07:45,GB
19:08:00,GB
19:08:15,GB
19:08:30,GB
19:08:45,GB
19:09:00,GB
19:09:15,GB
19:09:30,GB
19:09:45,GB
19:10:00,
19:10:15,
19:10:30,
19:10:45,SPA
19:11:00,SPA
19:11:15,
19:11:30,
19:11:45,
19:12:00,BEND
19:12:15,BEND
19:12:30,BEND
19:12:45,DAN_CIRC
19:13:00,DAN_CIRC
19:13:15,DAN_CIRC
19:13:30,
19:13:45,
19:14:00,
19:14:15,NIP_CORE
19:14:30,NIP_CORE
19:14:45,NIP_CORE
19:15:00,NIP_CORE
19:15:15,NIP_CORE
19:15:30,NIP_CORE
19:15:45,NIP_CORE
19:16:00,NIP_CORE
19:16:15,NIP_CORE
19:16:30,
19:16:45,
19:17:00,
19:17:15,
19:17:30,
19:17:45,
19:18:00,INSF
19:18:15,INSF
19:18:30,INSF
19:18:45,INSF
19:19:00,INSF
19:19:15,INSF
19:19:30,
19:19:45,
19:20:00,
19:20:15,
19:20:30,NIP_CORE
19:20:45,NIP_CORE
19:21:00,NIP_CORE
19:21:15,NIP_CORE
19:21:30,NIP_CORE
19:21:45,
19:22:00,
19:22:15,
19:22:30,
19:22:45,
19:23:00,
19:23:15,
19:23:30,
19:23:45,
19:24:00,
19:24:15,
19:24:30,
19:24:45,
19:25:00,
19:25:15,
19:25:30,
19:25:45,
19:26:00,
19:26:15,
19:26:30,
19:26:45,
19:27:00,
19:27:15,
19:27:30,
19:27:45,
19:28:00,
19:28:15,